Geo Point;Geo Shape;gml_id;code_uic;id_arret;nom;nature;type;x;y;code_sncf;commune;code_insee;comite_ligne;tgv;guichet;borne_dbr;info_dynam;assist_pmr;abri_velo;park_voit;photo;search_id
47.35884917567332, -1.951169654587362;"{""coordinates"": [[-1.951169654587362, 47.35884917567332]], ""type"": ""MultiPoint""}";arret_ferroviaire.900033;87481838;900033;Savenay;Voyageurs-Infrastructure;ferroviaire;326522.12;6707103.5;;SAVENAY;44195;;N;O;O;;O;O;O;;87481838
48.20899030702537, -1.6302814350442187;"{""coordinates"": [[-1.630281435044219, 48.20899030702537]], ""type"": ""MultiPoint""}";arret_ferroviaire.105011;87471458;105011;Chevaigné;Voyageurs;ferroviaire;356234.5;6799930.5;CWH;CHEVAIGNE;35079;Emeraude;N;N;N;écrans;O;O;O;https://kartenn.region-bretagne.fr/doc/transports/gares_photos/87471458.JPG;87471458
48.41607642373247, -1.7266567185029567;"{""coordinates"": [[-1.726656718502957, 48.41607642373247]], ""type"": ""MultiPoint""}";arret_ferroviaire.105110;87478057;105110;Combourg;Voyageurs-Infrastructure;ferroviaire;350464.72;6823330.0;CUG;COMBOURG;35085;Emeraude;N;O;O;écrans;O;O;O;https://kartenn.region-bretagne.fr/doc/transports/gares_photos/87478057.jpg;87478057
47.95521321759678, -1.4965400777146445;"{""coordinates"": [[-1.496540077714644, 47.95521321759678]], ""type"": ""MultiPoint""}";arret_ferroviaire.103010;87471334;103010;Janzé;FRET-Voyageurs-Infrastructure;ferroviaire;364547.84;6771200.5;JZE;JANZE;35136;Portes de Bretagne;N;O;O;non;N;O;O;https://kartenn.region-bretagne.fr/doc/transports/gares_photos/87471334.JPG;87471334
48.76188603239518, -3.117116650892128;"{""coordinates"": [[-3.117116650892128, 48.76188603239518]], ""type"": ""MultiPoint""}";arret_ferroviaire.108007;87473850;108007;Lancerf;Voyageurs;ferroviaire;250798.03;6868717.5;;PLOURIVO;22233;Trégor Goëlo Poher;N;N;N;non;N;N;O;https://kartenn.region-bretagne.fr/doc/transports/gares_photos/87473850.jpg;87473850
47.87177968816932, -1.7755895288654013;"{""coordinates"": [[-1.775589528865401, 47.87177968816932]], ""type"": ""MultiPoint""}";arret_ferroviaire.102014;87471177;102014;Pléchâtel;Voyageurs;ferroviaire;343194.44;6763169.0;PCT;PLECHATEL;35221;Vilaine Golfe du Morbihan;N;N;N;non;N;O;O;https://kartenn.region-bretagne.fr/doc/transports/gares_photos/87471177.jpg;87471177
48.531635462284044, -1.849557161871976;"{""coordinates"": [[-1.849557161871976, 48.531635462284044]], ""type"": ""MultiPoint""}";arret_ferroviaire.106001;87478123;106001;Plerguer;Voyageurs;ferroviaire;342175.97;6836702.5;PGE;PLERGUER;35224;Emeraude;N;N;N;non;N;N;O;https://kartenn.region-bretagne.fr/doc/transports/gares_photos/87478123.JPG;87478123
47.91330803858409, -1.3888486368984443;"{""coordinates"": [[-1.388848636898444, 47.91330803858409]], ""type"": ""MultiPoint""}";arret_ferroviaire.103020;87471359;103020;Retiers;FRET-Voyageurs-Infrastructure;ferroviaire;372314.84;6766099.5;RTI;RETIERS;35239;Portes de Bretagne;N;O;N;non;N;O;O;https://kartenn.region-bretagne.fr/doc/transports/gares_photos/87471359.JPG;87471359
48.6467525592954, -2.0037193693379707;"{""coordinates"": [[-2.003719369337971, 48.6467525592954]], ""type"": ""MultiPoint""}";arret_ferroviaire.105200;87478107;105200;St-Malo;FRET-Voyageurs-Infrastructure;ferroviaire;331626.53;6850184.0;SM;ST-MALO;35288;Emeraude;O;O;O;écrans;O;O;O;https://kartenn.region-bretagne.fr/doc/transports/gares_photos/87478107.JPG;87478107
48.27360943582247, -1.6657056686909248;"{""coordinates"": [[-1.665705668690925, 48.27360943582247]], ""type"": ""MultiPoint""}";arret_ferroviaire.105013;87478024;105013;St-Médard-sur-Ille;Voyageurs;ferroviaire;354031.66;6807254.5;XED;ST-MEDARD-SUR-ILLE;35296;Emeraude;N;N;N;écrans;O;O;O;https://kartenn.region-bretagne.fr/doc/transports/gares_photos/87478024.JPG;87478024
47.91880750388527, -1.4315138074025253;"{""coordinates"": [[-1.431513807402525, 47.91880750388527]], ""type"": ""MultiPoint""}";arret_ferroviaire.103011;87471342;103011;Le Theil-de-Bretagne;Voyageurs;ferroviaire;369166.9;6766887.5;TIB;LE THEIL-DE-BRETAGNE;35333;Portes de Bretagne;N;N;N;non;N;N;O;https://kartenn.region-bretagne.fr/doc/transports/gares_photos/87471342.JPG;87471342
47.72272246710452, -1.3687370643430616;"{""coordinates"": [[-1.368737064343062, 47.72272246710452]], ""type"": ""MultiPoint""}";arret_ferroviaire.103100;87481648;103100;Châteaubriant;FRET-Voyageurs-Infrastructure;ferroviaire;372643.88;6744872.5;;CHATEAUBRIANT;44036;;N;O;O;;N;O;O;https://kartenn.region-bretagne.fr/doc/transports/gares_photos/87481648.jpg;87481648
47.216841823002426, -1.5420986427347363;"{""coordinates"": [[-1.542098642734736, 47.216841823002426]], ""type"": ""MultiPoint""}";arret_ferroviaire.900001;87481002;900001;Nantes;FRET-Voyageurs-Infrastructure;ferroviaire/routier;356436.8;6689500.0;NS;NANTES;44109;;O;O;O;écrans;O;O;O;;87481002
48.0966138108301, -0.8858237948312984;"{""coordinates"": [[-0.885823794831298, 48.0966138108301]], ""type"": ""MultiPoint""}";arret_ferroviaire.900022;87478743;900022;Le Genest;Voyageurs;ferroviaire;410841.94;6784476.5;;LE GENEST;53103;;N;N;N;;N;N;O;;87478743
48.110945635748635, -0.9736652730665258;"{""coordinates"": [[-0.973665273066526, 48.110945635748635]], ""type"": ""MultiPoint""}";arret_ferroviaire.900031;87478750;900031;Port-Brillet;Voyageurs-Infrastructure;ferroviaire;404390.9;6786392.5;;PORT-BRILLET;53182;;N;N;O;;N;N;O;;87478750
48.113574180939, -1.0251518404235036;"{""coordinates"": [[-1.025151840423504, 48.113574180939]], ""type"": ""MultiPoint""}";arret_ferroviaire.900039;87478768;900039;St-Pierre-la-Cour;FRET-Voyageurs-Infrastructure;ferroviaire;400578.9;6786878.0;;SAINT-PIERRE-LA-COUR;53247;;N;N;O;non;N;N;O;;87478768
48.552559964901754, -1.5040885313835899;"{""coordinates"": [[-1.50408853138359, 48.552559964901754]], ""type"": ""MultiPoint""}";arret_ferroviaire.900030;87448514;900030;Pontorson;;ferroviaire/routier;367770.22;6837515.0;;PONTORSON;50410;;N;O;N;;N;N;O;https://kartenn.region-bretagne.fr/doc/transports/gares_photos/87448514.jpg;87448514
48.4264691741033, -3.3819473043013373;"{""coordinates"": [[-3.381947304301337, 48.4264691741033]], ""type"": ""MultiPoint""}";arret_ferroviaire.107005;87473587;107005;Les Mais;Voyageurs;ferroviaire;228381.6;6833090.0;;CALLAC;22025;Trégor Goëlo Poher;N;N;N;non;N;N;O;https://kartenn.region-bretagne.fr/doc/transports/gares_photos/87473587.jpg;87473587
48.407005226879896, -3.417716467834411;"{""coordinates"": [[-3.417716467834411, 48.407005226879896]], ""type"": ""MultiPoint""}";arret_ferroviaire.107010;87473546;107010;Callac;Voyageurs-Infrastructure;ferroviaire;225568.45;6831147.5;CLK;CALLAC;22025;Trégor Goëlo Poher;N;O;N;non;N;N;O;https://kartenn.region-bretagne.fr/doc/transports/gares_photos/87473546.jpg;87473546
48.45707041301881, -2.0520902518840245;"{""coordinates"": [[-2.052090251884024, 48.45707041301881]], ""type"": ""MultiPoint""}";arret_ferroviaire.106100;87478164;106100;Dinan;FRET-Voyageurs-Infrastructure;ferroviaire;326722.12;6829367.5;DIN;DINAN;22050;Emeraude;N;O;O;non;O;O;O;https://kartenn.region-bretagne.fr/doc/transports/gares_photos/87478164.JPG;87478164
48.66922148534383, -3.1952962249450882;"{""coordinates"": [[-3.195296224945088, 48.66922148534383]], ""type"": ""MultiPoint""}";arret_ferroviaire.108003;87473827;108003;Bredily-Plouec;Voyageurs-Infrastructure;ferroviaire;244261.23;6858894.0;;PLOUEC-DU-TRIEUX;22212;Trégor Goëlo Poher;N;N;N;non;N;N;O;https://kartenn.region-bretagne.fr/doc/transports/gares_photos/87473827.jpg;87473827
48.74862273748943, -3.134366023919454;"{""coordinates"": [[-3.134366023919454, 48.74862273748943]], ""type"": ""MultiPoint""}";arret_ferroviaire.108006;87322347;108006;Traou-Nez;Voyageurs;ferroviaire;249419.45;6867345.5;;PLOURIVO;22233;Trégor Goëlo Poher;N;N;N;non;N;N;O;https://kartenn.region-bretagne.fr/doc/transports/gares_photos/87322347.jpg;87322347
48.49616780591608, -2.002140447363439;"{""coordinates"": [[-2.002140447363439, 48.49616780591608]], ""type"": ""MultiPoint""}";arret_ferroviaire.106004;87478156;106004;La Hisse;Voyageurs;ferroviaire;330682.88;6833470.0;HIZ;ST SANSOM SUR RANCE;22327;Emeraude;N;N;N;non;N;N;O;https://kartenn.region-bretagne.fr/doc/transports/gares_photos/87478156.JPG;87478156
48.470223307243344, -2.65145689246505;"{""coordinates"": [[-2.65145689246505, 48.470223307243344]], ""type"": ""MultiPoint""}";arret_ferroviaire.101201;87473116;101201;Yffiniac;FRET-Voyageurs-Infrastructure;ferroviaire;282613.6;6833827.0;YF;YFFINIAC;22389;Brocéliande-Penthièvre;N;N;N;non;O;O;O;https://kartenn.region-bretagne.fr/doc/transports/gares_photos/87473116.JPG;87473116
47.97070108814819, -1.7486778201403932;"{""coordinates"": [[-1.748677820140393, 47.97070108814819]], ""type"": ""MultiPoint""}";arret_ferroviaire.102011;87471144;102011;Laillé;Voyageurs;ferroviaire;345863.3;6774020.0;LLJ;GUICHEN;35126;Vilaine Golfe du Morbihan;N;N;N;non;N;O;O;https://kartenn.region-bretagne.fr/doc/transports/gares_photos/87471144.JPG;87471144
47.82231031767985, -1.8177855592525514;"{""coordinates"": [[-1.817785559252551, 47.82231031767985]], ""type"": ""MultiPoint""}";arret_ferroviaire.102100;87471185;102100;Messac-Guipry;Voyageurs-Infrastructure;ferroviaire;339710.5;6757874.0;MES;MESSAC-GUIPRY;35176;Vilaine Golfe du Morbihan;N;O;O;non;N;O;O;https://kartenn.region-bretagne.fr/doc/transports/gares_photos/87471185.jpg;87471185
48.18999546688406, -2.052208996572021;"{""coordinates"": [[-2.052208996572021, 48.18999546688406]], ""type"": ""MultiPoint""}";arret_ferroviaire.101030;87471086;101030;Montauban-de-Bretagne;FRET-Voyageurs-Infrastructure;ferroviaire;324815.38;6799744.5;MDT;MONTAUBAN;35121;Brocéliande-Penthièvre;N;O;O;non;N;O;O;https://kartenn.region-bretagne.fr/doc/transports/gares_photos/87471086.JPG;87471086
48.30642171070808, -1.6733901853086042;"{""coordinates"": [[-1.673390185308604, 48.30642171070808]], ""type"": ""MultiPoint""}";arret_ferroviaire.105100;87478032;105100;Montreuil-sur-Ille;Voyageurs-Infrastructure;ferroviaire;353678.22;6810929.0;MSI;MONTREUIL-SUR-ILLE;35195;Emeraude;N;O;O;écrans;O;O;O;https://kartenn.region-bretagne.fr/doc/transports/gares_photos/87478032.jpg;87478032
48.24864227795325, -2.1447327038498107;"{""coordinates"": [[-2.144732703849811, 48.24864227795325]], ""type"": ""MultiPoint""}";arret_ferroviaire.101101;87473058;101101;Quédillac;Voyageurs;ferroviaire;318378.4;6806692.0;QDC;QUEDILLAC;35234;Brocéliande-Penthièvre;N;N;N;non;N;N;O;https://kartenn.region-bretagne.fr/doc/transports/gares_photos/87473058.jpg;87473058
48.067500163434545, -1.713023507496216;"{""coordinates"": [[-1.713023507496216, 48.067500163434545]], ""type"": ""MultiPoint""}";arret_ferroviaire.102001;87471052;102001;St-Jacques-de-la-Lande;Voyageurs-Infrastructure;ferroviaire;349160.75;6784598.0;SJJ;ST-JACQUES-DE-LA-LANDE;35281;Vilaine Golfe du Morbihan;N;N;N;non;N;O;O;https://kartenn.region-bretagne.fr/doc/transports/gares_photos/87471052.JPG;87471052
48.61446469609626, -1.9050761162200096;"{""coordinates"": [[-1.90507611622001, 48.61446469609626]], ""type"": ""MultiPoint""}";arret_ferroviaire.105122;87478099;105122;La Gousnière-Cancale;Voyageurs-Infrastructure;ferroviaire;338656.38;6846145.5;LGO;ST MELOIR DES ONDES;35122;Emeraude;N;N;N;écrans;N;O;O;https://kartenn.region-bretagne.fr/doc/transports/gares_photos/87478099.jpg;87478099
47.80321319719255, -3.442427069420106;"{""coordinates"": [[-3.442427069420106, 47.80321319719255]], ""type"": ""MultiPoint""}";arret_ferroviaire.102501;87476309;102501;Gestel;Voyageurs-Infrastructure;ferroviaire;218277.28;6764420.0;GES;GESTEL;56063;Bretagne Sud;N;N;N;non;N;N;O;https://kartenn.region-bretagne.fr/doc/transports/gares_photos/87476309.jpg;87476309
47.73596027208918, -3.0852859443381893;"{""coordinates"": [[-3.085285944338189, 47.73596027208918]], ""type"": ""MultiPoint""}";arret_ferroviaire.102401;87476226;102401;Landaul-Mendon;Voyageurs;ferroviaire;244352.23;6754851.5;LDJ;LANDAUL-MENDON;56096;Bretagne Sud;N;N;N;non;N;N;O;https://kartenn.region-bretagne.fr/doc/transports/gares_photos/87476226.JPG;87476226
47.75958234247273, -3.1247596080187665;"{""coordinates"": [[-3.124759608018767, 47.75958234247273]], ""type"": ""MultiPoint""}";arret_ferroviaire.102402;87476234;102402;Landevant;Voyageurs;ferroviaire;241605.84;6757696.5;LDM;LANDEVANT;56097;Bretagne Sud;N;N;N;non;N;N;O;https://kartenn.region-bretagne.fr/doc/transports/gares_photos/87476234.JPG;87476234
47.67552150093134, -2.2948555564190394;"{""coordinates"": [[-2.294855556419039, 47.67552150093134]], ""type"": ""MultiPoint""}";arret_ferroviaire.102201;87476689;102201;Malansac;Voyageurs;ferroviaire;302991.97;6743886.0;MLO;MALANSAC;56123;Vilaine Golfe du Morbihan;N;N;N;non;N;N;O;https://kartenn.region-bretagne.fr/doc/transports/gares_photos/87476689.jpg;87476689
47.55809505459869, -3.1323052849710304;"{""coordinates"": [[-3.13230528497103, 47.55809505459869]], ""type"": ""MultiPoint""}";arret_ferroviaire.112004;87476424;112004;Penthièvre;Voyageurs;ferroviaire;239305.53;6735422.5;PTW;ST PIERRE QUIBERON;56234;Bretagne Sud;N;N;N;non;N;N;O;https://kartenn.region-bretagne.fr/doc/transports/gares_photos/87476424.JPG;87476424
47.6746857854398, -1.9135469517223198;"{""coordinates"": [[-1.91354695172232, 47.6746857854398]], ""type"": ""MultiPoint""}";arret_ferroviaire.102103;87471227;102103;Massérac;Voyageurs;ferroviaire;331538.34;6741945.5;MWK;MASSERAC;44092;Vilaine Golfe du Morbihan;N;N;N;non;N;N;O;https://kartenn.region-bretagne.fr/doc/transports/gares_photos/87471227.JPG;87471227
47.67844291415823, -2.9604231157276484;"{""coordinates"": [[-2.960423115727648, 47.67844291415823]], ""type"": ""MultiPoint""}";arret_ferroviaire.102301;87476648;102301;Saint Anne;;ferroviaire;253201.72;6747766.0;YAN;STE ANNE D'AURAY;56263;Vilaine Golfe du Morbihan;N;N;O;non;N;N;O;https://kartenn.region-bretagne.fr/doc/transports/gares_photos/87476648.JPG;87476648
48.606308010084255, -3.465852124075014;"{""coordinates"": [[-3.465852124075014, 48.606308010084255]], ""type"": ""MultiPoint""}";arret_ferroviaire.101500;87473181;101500;Plouaret-Trégor;Voyageurs-Infrastructure;ferroviaire;223830.06;6853518.5;PLT;PLOUARET-TREGOR;22207;Trégor Goëlo Poher;O;O;O;écrans;O;O;O;https://kartenn.region-bretagne.fr/doc/transports/gares_photos/87473181.JPG;87473181
48.507746322221685, -3.242107642709232;"{""coordinates"": [[-3.242107642709232, 48.507746322221685]], ""type"": ""MultiPoint""}";arret_ferroviaire.107001;87473512;107001;Mousteru;Voyageurs-Infrastructure;ferroviaire;239407.27;6841270.0;;BOURBRIAC;22013;Trégor Goëlo Poher;N;N;N;non;N;N;O;https://kartenn.region-bretagne.fr/doc/transports/gares_photos/87473512.jpg;87473512
47.985706147975506, -1.5746018862273585;"{""coordinates"": [[-1.574601886227359, 47.985706147975506]], ""type"": ""MultiPoint""}";arret_ferroviaire.103004;87471326;103004;Corps-Nuds;Voyageurs;ferroviaire;358926.9;6774918.0;CPS;CORPS NUDS;35088;Portes de Bretagne;N;N;N;non;N;O;O;https://kartenn.region-bretagne.fr/doc/transports/gares_photos/87471326.JPG;87471326
48.1188185912733, -1.5276778966913676;"{""coordinates"": [[-1.527677896691368, 48.1188185912733]], ""type"": ""MultiPoint""}";arret_ferroviaire.104002;87471540;104002;Noyal-Acigné;Voyageurs-Infrastructure;ferroviaire;363269.34;6789484.0;NOC;NOYAL-ACIGNE;35001;Portes de Bretagne;N;N;N;non;N;O;O;https://kartenn.region-bretagne.fr/doc/transports/gares_photos/87471540.JPG;87471540
48.112146159010635, -1.4650928595582453;"{""coordinates"": [[-1.465092859558245, 48.112146159010635]], ""type"": ""MultiPoint""}";arret_ferroviaire.104003;87471532;104003;Servon;Voyageurs;ferroviaire;367876.97;6788479.0;SVO;SERVON;35327;Portes de Bretagne;N;N;N;non;N;O;O;https://kartenn.region-bretagne.fr/doc/transports/gares_photos/87471532.jpg;87471532
48.12251642857081, -1.2111093497582899;"{""coordinates"": [[-1.21110934975829, 48.12251642857081]], ""type"": ""MultiPoint""}";arret_ferroviaire.104100;87471508;104100;Vitré;FRET-Voyageurs-Infrastructure;ferroviaire;386811.78;6788591.5;VTE;VITRE;35360;Portes de Bretagne;O;O;O;écrans;O;O;O;https://kartenn.region-bretagne.fr/doc/transports/gares_photos/87471508.jpg;87471508
48.56463547854016, -3.7093843979913634;"{""coordinates"": [[-3.709384397991363, 48.56463547854016]], ""type"": ""MultiPoint""}";arret_ferroviaire.101502;87474411;101502;Plouigneau;Voyageurs-Infrastructure;ferroviaire;205544.66;6850399.0;PGU;PLOUIGNEAU;29199;Trégor Goëlo Poher;N;N;N;non;N;N;O;https://kartenn.region-bretagne.fr/doc/transports/gares_photos/87474411.JPG;87474411
47.960302475877654, -3.8318027869559366;"{""coordinates"": [[-3.831802786955937, 47.960302475877654]], ""type"": ""MultiPoint""}";arret_ferroviaire.102600;87474155;102600;Rosporden;FRET-Voyageurs-Infrastructure;ferroviaire/routier;190741.2;6784256.5;RSP;ROSPORDEN;29241;Bretagne Sud;O;O;O;sono;O;O;O;https://kartenn.region-bretagne.fr/doc/transports/gares_photos/87474155.JPG;87474155
47.51674224951058, -2.043603669207298;"{""coordinates"": [[-2.043603669207298, 47.51674224951058]], ""type"": ""MultiPoint""}";arret_ferroviaire.900037;87476762;900037;Saint Gildas des Bois;FRET-Voyageurs-Infrastructure;ferroviaire;320678.6;6725049.0;;SAINT-GILDAS-DES-BOIS;44161;;N;N;N;non;N;O;O;;87476762
48.456455427722986, -4.24492836038473;"{""coordinates"": [[-4.24492836038473, 48.456455427722986]], ""type"": ""MultiPoint""}";arret_ferroviaire.101700;87474239;101700;Landerneau;FRET-Voyageurs-Infrastructure;ferroviaire;165082.05;6841911.0;LDE;LANDERNEAU;29103;Iroise;O;O;O;écrans;O;O;O;https://kartenn.region-bretagne.fr/doc/transports/gares_photos/87474239.jpg;87474239
48.49573232286723, -4.081726474206995;"{""coordinates"": [[-4.081726474206995, 48.49573232286723]], ""type"": ""MultiPoint""}";arret_ferroviaire.101610;87474270;101610;Landivisiau;FRET-Voyageurs-Infrastructure;ferroviaire;177490.14;6845166.0;LDI;LANDIVISIAU;29105;Iroise;N;O;O;non;O;O;O;https://kartenn.region-bretagne.fr/doc/transports/gares_photos/87474270.jpg;87474270
48.67692472514299, -3.986606175795352;"{""coordinates"": [[-3.986606175795352, 48.67692472514299]], ""type"": ""MultiPoint""}";arret_ferroviaire.110001;87474569;110001;St-Pol-de-Léon;Voyageurs;ferroviaire/routier;186269.88;6864605.0;SPL;ST-POL-DE-LEON;29259;Iroise;N;N;N;non;N;N;O;https://kartenn.region-bretagne.fr/doc/transports/gares_photos/87474569.JPG;87474569
48.477185561920145, -1.7649771203809643;"{""coordinates"": [[-1.764977120380964, 48.477185561920145]], ""type"": ""MultiPoint""}";arret_ferroviaire.105111;87478065;105111;Bonnemain;Voyageurs;ferroviaire;348044.03;6830281.0;BMV;BONNEMAIN;35029;Emeraude;N;N;N;écrans;N;O;O;https://kartenn.region-bretagne.fr/doc/transports/gares_photos/87478065.JPG;87478065
48.10316245712843, -1.671260305341185;"{""coordinates"": [[-1.671260305341185, 48.10316245712843]], ""type"": ""MultiPoint""}";arret_ferroviaire.101000;87471003;101000;Rennes;FRET-Voyageurs-Infrastructure;ferroviaire/routier;352500.28;6788369.5;RES;RENNES;35238;NC;O;O;O;écrans;O;O;O;;87471003
48.09215840617002, -1.6299111950663354;"{""coordinates"": [[-1.629911195066335, 48.09215840617002]], ""type"": ""MultiPoint""}";arret_ferroviaire.103001;87334508;103001;La Poterie;Voyageurs;ferroviaire;355501.1;6786967.5;PTK;RENNES;35238;Portes de Bretagne;N;N;N;non;N;O;O;https://kartenn.region-bretagne.fr/doc/transports/gares_photos/87334508.JPG;87334508
48.01437147052943, -1.5939349069051405;"{""coordinates"": [[-1.593934906905141, 48.01437147052943]], ""type"": ""MultiPoint""}";arret_ferroviaire.103003;87471318;103003;St-Armel;Voyageurs;ferroviaire;357672.3;6778181.5;XAL;ST-AUBIN-D'AUBIGNE;35250;Portes de Bretagne;N;N;N;non;N;O;O;https://kartenn.region-bretagne.fr/doc/transports/gares_photos/87471318.JPG;87471318
48.23901762103114, -1.6527082654985383;"{""coordinates"": [[-1.652708265498538, 48.23901762103114]], ""type"": ""MultiPoint""}";arret_ferroviaire.105012;87478016;105012;St-Germain-sur-Ille;Voyageurs;ferroviaire;354767.9;6803360.0;SMW;ST-GERMAIN-SUR-ILLE;35274;Emeraude;N;N;N;écrans;O;O;O;https://kartenn.region-bretagne.fr/doc/transports/gares_photos/87478016.jpg;87478016
47.6802899777363, -2.9990741846207527;"{""coordinates"": [[-2.999074184620753, 47.6802899777363]], ""type"": ""MultiPoint""}";arret_ferroviaire.102400;87476200;102400;Auray;FRET-Voyageurs-Infrastructure;ferroviaire;250325.55;6748190.0;AY;AURAY;56007;Bretagne Sud;O;O;O;écrans;O;O;O;https://kartenn.region-bretagne.fr/doc/transports/gares_photos/87476200.jpg;87476200
47.75531317186893, -3.3654101428085323;"{""coordinates"": [[-3.365410142808532, 47.75531317186893]], ""type"": ""MultiPoint""}";arret_ferroviaire.102500;87476002;102500;Lorient;FRET-Voyageurs-Infrastructure;ferroviaire/routier;223594.98;6758648.0;LT;LORIENT;56121;Bretagne Sud;O;O;O;écrans;O;O;O;https://kartenn.region-bretagne.fr/doc/transports/gares_photos/87476002.jpg;87476002
47.52146154689015, -3.13824800167958;"{""coordinates"": [[-3.13824800167958, 47.52146154689015]], ""type"": ""MultiPoint""}";arret_ferroviaire.112007;87476440;112007;St-Pierre-Quiberon;Voyageurs;ferroviaire;238543.92;6731400.0;SQN;ST PIERRE QUIBERON;56234;Bretagne Sud;N;N;N;non;N;N;O;https://kartenn.region-bretagne.fr/doc/transports/gares_photos/87476440.JPG;87476440
48.38819982165947, -4.477933224062856;"{""coordinates"": [[-4.477933224062856, 48.38819982165947]], ""type"": ""MultiPoint""}";arret_ferroviaire.101800;87474007;101800;Brest;FRET-Voyageurs-Infrastructure;ferroviaire;147211.73;6835961.5;BT;BREST;29019;Iroise;O;O;O;écrans;O;O;O;https://kartenn.region-bretagne.fr/doc/transports/gares_photos/87474007.jpg;87474007
48.186217321368034, -4.096002908657573;"{""coordinates"": [[-4.096002908657573, 48.186217321368034]], ""type"": ""MultiPoint""}";arret_ferroviaire.111010;87474064;111010;Châteaulin-emb.;FRET-Voyageurs;ferroviaire;173352.23;6810997.5;CEM;CHATEAULIN;29026;Iroise;N;O;N;non;N;O;O;https://kartenn.region-bretagne.fr/doc/transports/gares_photos/87474064.jpg;87474064
48.578098321922575, -3.8317968957600126;"{""coordinates"": [[-3.831796895760013, 48.578098321922575]], ""type"": ""MultiPoint""}";arret_ferroviaire.101600;87474338;101600;Morlaix;FRET-Voyageurs-Infrastructure;ferroviaire/routier;196674.98;6852663.5;MX;MORLAIX;29151;NC;O;O;O;écrans;O;O;O;https://kartenn.region-bretagne.fr/doc/transports/gares_photos/87474338.JPG;87474338
48.13909325160135, -1.9479611185931058;"{""coordinates"": [[-1.947961118593106, 48.13909325160135]], ""type"": ""MultiPoint""}";arret_ferroviaire.101020;87471078;101020;Montfort-sur-Meu;Voyageurs-Infrastructure;ferroviaire;332192.47;6793608.5;MFS;MONTFORT-SUR-MEU;35160;Brocéliande-Penthièvre;N;O;O;non;N;O;O;https://kartenn.region-bretagne.fr/doc/transports/gares_photos/87471078.jpg;87471078
48.284460057340894, -2.1549065561702774;"{""coordinates"": [[-2.154906556170277, 48.284460057340894]], ""type"": ""MultiPoint""}";arret_ferroviaire.101102;87473066;101102;Caulnes;Voyageurs;ferroviaire;317884.53;6810713.5;CUL;CAULNES;22032;Brocéliande-Penthièvre;N;N;N;non;N;O;O;https://kartenn.region-bretagne.fr/doc/transports/gares_photos/87473066.jpg;87473066
48.364289150757955, -3.475728650504496;"{""coordinates"": [[-3.475728650504496, 48.364289150757955]], ""type"": ""MultiPoint""}";arret_ferroviaire.107011;87473553;107011;Le Pénity;Voyageurs;ferroviaire;220900.52;6826766.0;;DUAULT;22052;Trégor Goëlo Poher;N;N;N;non;N;N;O;https://kartenn.region-bretagne.fr/doc/transports/gares_photos/87473553.jpg;87473553
48.5600296565398, -3.1651698810102578;"{""coordinates"": [[-3.165169881010258, 48.5600296565398]], ""type"": ""MultiPoint""}";arret_ferroviaire.108001;87473801;108001;Gourland;Voyageurs;ferroviaire;245526.06;6846618.5;;GRACES;22067;Trégor Goëlo Poher;N;N;N;non;N;N;O;https://kartenn.region-bretagne.fr/doc/transports/gares_photos/87473801.jpg;87473801
48.507464656145196, -2.3308041856047845;"{""coordinates"": [[-2.330804185604785, 48.507464656145196]], ""type"": ""MultiPoint""}";arret_ferroviaire.106103;87473264;106103;Landebia;FRET-Voyageurs-Infrastructure;ferroviaire;306537.47;6836310.5;LDB;LANDEBIA;22096;Brocéliande-Penthièvre;N;N;N;non;N;N;O;https://kartenn.region-bretagne.fr/doc/transports/gares_photos/87473264.JPG;87473264
48.72706664285313, -3.4597113385366987;"{""coordinates"": [[-3.459711338536699, 48.72706664285313]], ""type"": ""MultiPoint""}";arret_ferroviaire.109100;87473223;109100;Lannion;Voyageurs-Infrastructure;ferroviaire;225378.38;6866862.5;LNI;LANNION;22113;Trégor Goëlo Poher;O;O;O;écrans;O;O;O;https://kartenn.region-bretagne.fr/doc/transports/gares_photos/87473223.jpg;87473223
48.34040405180378, -3.4897589749640106;"{""coordinates"": [[-3.489758974964011, 48.34040405180378]], ""type"": ""MultiPoint""}";arret_ferroviaire.107012;87473561;107012;Carnoet;FRET-Voyageurs-Infrastructure;ferroviaire;219646.88;6824205.0;;LOCARN;22128;Trégor Goëlo Poher;N;N;N;non;N;N;O;https://kartenn.region-bretagne.fr/doc/transports/gares_photos/87473561.jpg;87473561
48.77682152559637, -3.0454088195586513;"{""coordinates"": [[-3.045408819558651, 48.77682152559637]], ""type"": ""MultiPoint""}";arret_ferroviaire.108100;87473868;108100;Paimpol;Voyageurs-Infrastructure;ferroviaire;256180.45;6869967.5;PIP;PAIMPOL;22162;Trégor Goëlo Poher;N;O;N;non;N;O;O;https://kartenn.region-bretagne.fr/doc/transports/gares_photos/87473868.jpg;87473868
48.52157811460744, -2.227936733791079;"{""coordinates"": [[-2.227936733791079, 48.52157811460744]], ""type"": ""MultiPoint""}";arret_ferroviaire.106102;87473272;106102;Plancoët;FRET-Voyageurs-Infrastructure;ferroviaire;314222.62;6837368.5;PLA;PLANCOET;22172;Brocéliande-Penthièvre;N;O;N;non;N;N;O;https://kartenn.region-bretagne.fr/doc/transports/gares_photos/87473272.JPG;87473272
48.53330274369846, -2.9732222430857753;"{""coordinates"": [[-2.973222243085775, 48.53330274369846]], ""type"": ""MultiPoint""}";arret_ferroviaire.101303;87473140;101303;Châtelaudren-Plouagat;FRET-Voyageurs-Infrastructure;ferroviaire;259423.77;6842568.0;CDN;PLOUAGAT;22206;Trégor Goëlo Poher;N;N;N;non;N;N;O;https://kartenn.region-bretagne.fr/doc/transports/gares_photos/87473140.JPG;87473140
48.480545492428554, -3.272776233710784;"{""coordinates"": [[-3.272776233710784, 48.480545492428554]], ""type"": ""MultiPoint""}";arret_ferroviaire.107002;87473579;107002;Coat-Guéguen;Voyageurs;ferroviaire;236909.1;6838435.5;;PONT-MELVEZ;22249;Trégor Goëlo Poher;N;N;N;non;N;N;O;https://kartenn.region-bretagne.fr/doc/transports/gares_photos/87473579.jpg;87473579
48.470185213632455, -3.3106437701845715;"{""coordinates"": [[-3.310643770184571, 48.470185213632455]], ""type"": ""MultiPoint""}";arret_ferroviaire.107003;87473520;107003;Pont-Melvez;Voyageurs;ferroviaire;234027.48;6837510.0;;PONT-MELVEZ;22249;Trégor Goëlo Poher;N;N;N;non;N;N;O;https://kartenn.region-bretagne.fr/doc/transports/gares_photos/87473520.jpg;87473520
48.69811288233158, -3.163424562372022;"{""coordinates"": [[-3.163424562372022, 48.69811288233158]], ""type"": ""MultiPoint""}";arret_ferroviaire.108008;87473835;108008;Pontrieux-Halte;FRET-Voyageurs-Infrastructure;ferroviaire;246851.47;6861913.0;;PONTRIEUC;22250;Trégor Goëlo Poher;N;N;N;non;N;N;O;https://kartenn.region-bretagne.fr/doc/transports/gares_photos/87473835.jpg;87473835
48.70568607818315, -3.1557576557239337;"{""coordinates"": [[-3.155757655723934, 48.70568607818315]], ""type"": ""MultiPoint""}";arret_ferroviaire.108004;87473843;108004;Pontrieux;Voyageurs-Infrastructure;ferroviaire;247479.6;6862708.5;;PONTRIEUC;22250;Trégor Goëlo Poher;N;N;N;non;N;N;O;https://kartenn.region-bretagne.fr/doc/transports/gares_photos/87473843.jpg;87473843
48.140468736321814, -1.8967588725558928;"{""coordinates"": [[-1.896758872555893, 48.140468736321814]], ""type"": ""MultiPoint""}";arret_ferroviaire.101011;87471102;101011;Bréteil;Voyageurs;ferroviaire;336003.2;6793523.5;BTU;BRETEIL;35040;Brocéliande-Penthièvre;N;N;N;non;N;O;O;https://kartenn.region-bretagne.fr/doc/transports/gares_photos/87471102.JPG;87471102
48.028614456468105, -1.751112637429624;"{""coordinates"": [[-1.751112637429624, 48.028614456468105]], ""type"": ""MultiPoint""}";arret_ferroviaire.102010;87471037;102010;Bruz;Voyageurs-Infrastructure;ferroviaire;346068.94;6780454.5;BRZ;BRUZ;35047;Vilaine Golfe du Morbihan;N;O;O;non;N;O;O;https://kartenn.region-bretagne.fr/doc/transports/gares_photos/87471037.JPG;87471037
48.12326226932558, -1.8183026368926525;"{""coordinates"": [[-1.818302636892652, 48.12326226932558]], ""type"": ""MultiPoint""}";arret_ferroviaire.101010;87471060;101010;L'Hermitage-Mordelles;FRET-Voyageurs-Infrastructure;ferroviaire;341711.25;6791256.0;LHL;L'HERMITAGE;35131;Brocéliande-Penthièvre;N;O;O;non;N;O;O;https://kartenn.region-bretagne.fr/doc/transports/gares_photos/87471060.JPG;87471060
47.730315808644605, -1.8503075799589814;"{""coordinates"": [[-1.850307579958981, 47.730315808644605]], ""type"": ""MultiPoint""}";arret_ferroviaire.102101;87471201;102101;Fougeray-Langon;Voyageurs;ferroviaire;336654.0;6747821.0;FGL;LANGON;35145;Vilaine Golfe du Morbihan;N;N;N;non;N;N;O;https://kartenn.region-bretagne.fr/doc/transports/gares_photos/87471201.JPG;87471201
48.5316315243394, -1.9141371015528843;"{""coordinates"": [[-1.914137101552884, 48.5316315243394]], ""type"": ""MultiPoint""}";arret_ferroviaire.106002;87478131;106002;Miniac;Voyageurs;ferroviaire;337417.03;6836996.5;MIN;MINIAC;35179;Emeraude;N;N;N;non;N;N;O;https://kartenn.region-bretagne.fr/doc/transports/gares_photos/87478131.JPG;87478131
47.65186137439916, -2.086996775328752;"{""coordinates"": [[-2.086996775328752, 47.65186137439916]], ""type"": ""MultiPoint""}";arret_ferroviaire.102200;87471300;102200;Redon;FRET-Voyageurs-Infrastructure;ferroviaire/routier;318385.97;6740238.5;RDN;REDON;35236;Vilaine Golfe du Morbihan;O;O;O;écrans;O;O;O;https://kartenn.region-bretagne.fr/doc/transports/gares_photos/87471300.JPG;87471300
47.782423347175744, -3.1941661385859685;"{""coordinates"": [[-3.194166138585969, 47.782423347175744]], ""type"": ""MultiPoint""}";arret_ferroviaire.102403;87476242;102403;Branderion;Voyageurs;ferroviaire;236620.75;6760632.0;BPZ;BRANDERION;56021;Bretagne Sud;N;N;N;non;N;N;O;https://kartenn.region-bretagne.fr/doc/transports/gares_photos/87476242.jpg;87476242
47.652666908040366, -3.071204290875501;"{""coordinates"": [[-3.071204290875501, 47.652666908040366]], ""type"": ""MultiPoint""}";arret_ferroviaire.112001;87476408;112001;Belz-Ploemel;Voyageurs;ferroviaire;244693.73;6745543.5;BZP;PLOEMEL;56161;Bretagne Sud;N;N;N;non;N;N;O;https://kartenn.region-bretagne.fr/doc/transports/gares_photos/87476408.JPG;87476408
47.60422598669591, -3.117600766329185;"{""coordinates"": [[-3.117600766329185, 47.60422598669591]], ""type"": ""MultiPoint""}";arret_ferroviaire.112002;87476416;112002;Plouharnel-Carnac;Voyageurs-Infrastructure;ferroviaire;240804.66;6740446.5;PLC;PLOUHARNEL;56168;Bretagne Sud;N;N;N;non;N;N;O;https://kartenn.region-bretagne.fr/doc/transports/gares_photos/87476416.JPG;87476416
47.57535418178773, -3.1316612511502195;"{""coordinates"": [[-3.13166125115022, 47.57535418178773]], ""type"": ""MultiPoint""}";arret_ferroviaire.112003;87476267;112003;Les Sables-Blancs;Voyageurs;ferroviaire;239502.56;6737330.5;SWB;PLOUHARNEL;56168;Bretagne Sud;N;N;N;non;N;N;O;https://kartenn.region-bretagne.fr/doc/transports/gares_photos/87476267.jpg;87476267
47.68322916069471, -2.4487621272138993;"{""coordinates"": [[-2.448762127213899, 47.68322916069471]], ""type"": ""MultiPoint""}";arret_ferroviaire.102210;87476671;102210;Questembert;FRET-Voyageurs-Infrastructure;ferroviaire/routier;291529.16;6745525.5;QUE;QUESTEMBERT;56184;Vilaine Golfe du Morbihan;N;O;O;non;N;O;O;https://kartenn.region-bretagne.fr/doc/transports/gares_photos/87476671.jpg;87476671
47.53640777127416, -3.1357622590562912;"{""coordinates"": [[-3.135762259056291, 47.53640777127416]], ""type"": ""MultiPoint""}";arret_ferroviaire.112006;87476432;112006;Kerhostin;Voyageurs;ferroviaire;238859.31;6733040.5;KHT;ST PIERRE QUIBERON;56234;Bretagne Sud;N;N;N;non;N;N;O;https://kartenn.region-bretagne.fr/doc/transports/gares_photos/87476432.JPG;87476432
47.699288552759576, -1.869407695208051;"{""coordinates"": [[-1.869407695208051, 47.699288552759576]], ""type"": ""MultiPoint""}";arret_ferroviaire.102102;87471219;102102;Besle;Voyageurs-Infrastructure;ferroviaire;335012.53;6744468.5;BIQ;GUEMENE-PENFAO;44067;Vilaine Golfe du Morbihan;N;N;N;non;N;N;O;https://kartenn.region-bretagne.fr/doc/transports/gares_photos/87471219.jpg;87471219
48.45823335290142, -3.3699592014352047;"{""coordinates"": [[-3.369959201435205, 48.45823335290142]], ""type"": ""MultiPoint""}";arret_ferroviaire.107004;87473538;107004;Plougonver;Voyageurs;ferroviaire;229550.1;6836537.5;;PLOUGONVER;22216;Trégor Goëlo Poher;N;N;N;non;N;N;O;https://kartenn.region-bretagne.fr/doc/transports/gares_photos/87473538.jpg;87473538
48.10911830166963, -1.3209437339792036;"{""coordinates"": [[-1.320943733979204, 48.10911830166963]], ""type"": ""MultiPoint""}";arret_ferroviaire.104011;87471516;104011;Les Lacs;FRET-Voyageurs-Infrastructure;ferroviaire;378569.8;6787546.5;LCK;ST AUBIN DES LANDES;35252;Portes de Bretagne;N;N;N;non;N;O;O;https://kartenn.region-bretagne.fr/doc/transports/gares_photos/87471516.JPG;87471516
48.046920403728535, -1.5956932937973827;"{""coordinates"": [[-1.595693293797383, 48.046920403728535]], ""type"": ""MultiPoint""}";arret_ferroviaire.103002;87471029;103002;Vern;Voyageurs-Infrastructure;ferroviaire;357751.84;6781800.0;VRN;VERN;35352;Portes de Bretagne;N;N;N;non;N;O;O;https://kartenn.region-bretagne.fr/doc/transports/gares_photos/87471029.JPG;87471029
48.50770354427923, -3.8818878023161014;"{""coordinates"": [[-3.881887802316101, 48.50770354427923]], ""type"": ""MultiPoint""}";arret_ferroviaire.101601;87474320;101601;Pleyber-Christ;FRET-Voyageurs-Infrastructure;ferroviaire;192312.75;6845188.0;PBC;PLEYBER-CHRIST;29163;Iroise;N;N;N;non;N;N;O;https://kartenn.region-bretagne.fr/doc/transports/gares_photos/87474320.jpg;87474320
48.55564814412721, -3.1417684883487196;"{""coordinates"": [[-3.14176848834872, 48.55564814412721]], ""type"": ""MultiPoint""}";arret_ferroviaire.101400;87473207;101400;Guingamp;FRET-Voyageurs-Infrastructure;ferroviaire;247209.8;6845998.5;GGP;GUINGAMP;22070;Trégor Goëlo Poher;O;O;O;écrans;O;O;O;https://kartenn.region-bretagne.fr/doc/transports/gares_photos/87473207.JPG;87473207
48.33346197251602, -2.235523251628582;"{""coordinates"": [[-2.235523251628582, 48.33346197251602]], ""type"": ""MultiPoint""}";arret_ferroviaire.101103;87473074;101103;Broons;Voyageurs-Infrastructure;ferroviaire;312278.22;6816541.5;BOS;BROONS;22020;Brocéliande-Penthièvre;N;N;N;non;N;O;O;;87473074
48.50732998464773, -2.764543313407717;"{""coordinates"": [[-2.764543313407717, 48.50732998464773]], ""type"": ""MultiPoint""}";arret_ferroviaire.101300;87473009;101300;St-Brieuc;FRET-Voyageurs-Infrastructure;ferroviaire/routier;274577.2;6838544.5;SBC;ST-BRIEUC;22278;NC;O;O;O;écrans;O;O;O;https://kartenn.region-bretagne.fr/doc/transports/gares_photos/87473009.JPG;87473009
48.18184711953707, -1.6332551335470264;"{""coordinates"": [[-1.633255133547026, 48.18184711953707]], ""type"": ""MultiPoint""}";arret_ferroviaire.105010;87471045;105010;Betton;Voyageurs-Infrastructure;ferroviaire;355837.06;6796932.0;BTN;BETTON;35024;Emeraude;N;O;O;écrans;O;O;O;https://kartenn.region-bretagne.fr/doc/transports/gares_photos/87471045.jpg;87471045
48.35022318676398, -1.684956218395995;"{""coordinates"": [[-1.684956218395995, 48.35022318676398]], ""type"": ""MultiPoint""}";arret_ferroviaire.105101;87478040;105101;Dinge;Voyageurs;ferroviaire;353110.8;6815839.5;DNE;DINGE;35094;Emeraude;N;N;N;écrans;N;O;O;https://kartenn.region-bretagne.fr/doc/transports/gares_photos/87478040.JPG;87478040
47.93427073738145, -1.7598005697622614;"{""coordinates"": [[-1.759800569762261, 47.93427073738145]], ""type"": ""MultiPoint""}";arret_ferroviaire.102012;87471151;102012;Guichen-Bourg-des-Comptes;Voyageurs;ferroviaire;344790.97;6770029.0;GBC;GUICHEN-BOURG-DES-COMP;35126;Vilaine Golfe du Morbihan;N;N;N;non;N;O;O;https://kartenn.region-bretagne.fr/doc/transports/gares_photos/87471151.jpg;87471151
47.8320632984633, -1.3128624483111004;"{""coordinates"": [[-1.3128624483111, 47.8320632984633]], ""type"": ""MultiPoint""}";arret_ferroviaire.103021;87471367;103021;Martigné-Ferchaud;Voyageurs;ferroviaire;377489.7;6756773.0;MAF;MARTIGNE-FERCHAUD;35167;Portes de Bretagne;N;N;N;non;N;O;O;https://kartenn.region-bretagne.fr/doc/transports/gares_photos/87471367.JPG;87471367
48.508663454177196, -2.891308016062102;"{""coordinates"": [[-2.891308016062102, 48.508663454177196]], ""type"": ""MultiPoint""}";arret_ferroviaire.101302;87473132;101302;Plouvara-Plerneuf;Voyageurs;ferroviaire;265250.2;6839383.0;PPF;PLOUVARA;22234;Trégor Goëlo Poher;N;N;N;non;N;N;O;https://kartenn.region-bretagne.fr/doc/transports/gares_photos/87473132.jpg;87473132
48.54307326096882, -1.7495793527517216;"{""coordinates"": [[-1.749579352751722, 48.54307326096882]], ""type"": ""MultiPoint""}";arret_ferroviaire.105120;87478073;105120;Dol;FRET-Voyageurs-Infrastructure;ferroviaire/routier;349620.25;6837523.0;DOL;DOL;35095;Emeraude;O;O;O;écrans;O;O;O;https://kartenn.region-bretagne.fr/doc/transports/gares_photos/87478073.JPG;87478073
48.1184223847294, -1.690919431689535;"{""coordinates"": [[-1.690919431689535, 48.1184223847294]], ""type"": ""MultiPoint""}";arret_ferroviaire.105001;87471391;105001;Pontchaillou;Voyageurs;ferroviaire;351140.22;6790149.0;PCI;RENNES;35238;Emeraude;N;N;N;écrans;N;O;O;https://kartenn.region-bretagne.fr/doc/transports/gares_photos/87471391.JPG;87471391
47.48562481872324, -3.117251167351677;"{""coordinates"": [[-3.117251167351677, 47.48562481872324]], ""type"": ""MultiPoint""}";arret_ferroviaire.112100;87476457;112100;Quiberon;Voyageurs-Infrastructure;ferroviaire;239811.12;6727308.0;QB;QUIBERON;56186;Bretagne Sud;N;O;O;non;N;O;O;https://kartenn.region-bretagne.fr/doc/transports/gares_photos/87476457.jpg;87476457
47.665426579972596, -2.751614406891038;"{""coordinates"": [[-2.751614406891038, 47.665426579972596]], ""type"": ""MultiPoint""}";arret_ferroviaire.102300;87476606;102300;Vannes;FRET-Voyageurs-Infrastructure;ferroviaire/routier;268720.75;6745163.0;VAN;VANNES;56260;NC;O;O;O;écrans;O;O;O;https://kartenn.region-bretagne.fr/doc/transports/gares_photos/87476606.jpg;87476606
47.994772152979735, -4.091137396960239;"{""coordinates"": [[-4.091137396960239, 47.994772152979735]], ""type"": ""MultiPoint""}";arret_ferroviaire.102700;87474098;102700;Quimper;FRET-Voyageurs-Infrastructure;ferroviaire;171804.34;6789775.5;QR;QUIMPER;29232;NC;O;O;O;écrans;O;O;O;;87474098
47.43521790402951, -2.087328542795598;"{""coordinates"": [[-2.087328542795598, 47.43521790402951]], ""type"": ""MultiPoint""}";arret_ferroviaire.900029;87481846;900029;Pontchâteau;Voyageurs-Infrastructure;ferroviaire;316811.56;6716222.0;;PONTCHÂTEAU;44129;;N;O;O;;N;O;O;;87481846
48.07640253532937, -0.7603112393922452;"{""coordinates"": [[-0.760311239392245, 48.07640253532937]], ""type"": ""MultiPoint""}";arret_ferroviaire.204100;87478404;204100;Laval;Voyageurs;ferroviaire/routier;420067.7;6781780.5;;LAVAL;53130;;O;O;O;écrans;O;O;O;;87478404
48.46602422111175, -2.5105788590668405;"{""coordinates"": [[-2.510578859066841, 48.46602422111175]], ""type"": ""MultiPoint""}";arret_ferroviaire.101200;87473108;101200;Lamballe;FRET-Voyageurs-Infrastructure;ferroviaire;292968.44;6832626.0;LAM;LAMBALLE;22093;Brocéliande-Penthièvre;O;O;O;écrans;O;O;O;https://kartenn.region-bretagne.fr/doc/transports/gares_photos/87473108.jpg;87473108
48.496104418700526, -2.140500625780462;"{""coordinates"": [[-2.140500625780462, 48.496104418700526]], ""type"": ""MultiPoint""}";arret_ferroviaire.106101;87478180;106101;Corseul-Languenan;Voyageurs;ferroviaire;320481.25;6834119.0;CFA;LANGUENAN;22105;Brocéliande-Penthièvre;N;N;N;non;N;N;O;https://kartenn.region-bretagne.fr/doc/transports/gares_photos/87478180.JPG;87478180
48.59345524354755, -3.322159268655826;"{""coordinates"": [[-3.322159268655826, 48.59345524354755]], ""type"": ""MultiPoint""}";arret_ferroviaire.101401;87473165;101401;Belle-Isle-Begard;Voyageurs;ferroviaire;234275.0;6851237.5;BIB;LOUARGAT;22135;Trégor Goëlo Poher;N;N;N;non;N;N;O;https://kartenn.region-bretagne.fr/doc/transports/gares_photos/87473165.jpg;87473165
48.50008180510666, -2.8440887575384908;"{""coordinates"": [[-2.844088757538491, 48.50008180510666]], ""type"": ""MultiPoint""}";arret_ferroviaire.101301;87473124;101301;La Meaugon;Voyageurs;ferroviaire;268657.8;6838172.5;MHT;LA MEAUGON;22144;Trégor Goëlo Poher;N;N;N;non;N;N;O;https://kartenn.region-bretagne.fr/doc/transports/gares_photos/87473124.jpg;87473124
48.37664741116293, -2.35389162651141;"{""coordinates"": [[-2.35389162651141, 48.37664741116293]], ""type"": ""MultiPoint""}";arret_ferroviaire.101104;87473082;101104;Plénée-Jugon;FRET-Voyageurs-Infrastructure;ferroviaire;303850.84;6821918.0;PLJ;PLENEE-JUGON;22185;Brocéliande-Penthièvre;N;N;N;non;N;N;O;https://kartenn.region-bretagne.fr/doc/transports/gares_photos/87473082.JPG;87473082
48.49939603614082, -1.9609076377960835;"{""coordinates"": [[-1.960907637796083, 48.49939603614082]], ""type"": ""MultiPoint""}";arret_ferroviaire.106003;87478149;106003;Pleudihen;Voyageurs;ferroviaire;333745.66;6833636.0;PUH;PLEUDIHEN-SUR-RANCE;22197;Emeraude;N;N;N;non;N;N;O;https://kartenn.region-bretagne.fr/doc/transports/gares_photos/87478149.JPG;87478149
48.581585242960685, -3.567419991264322;"{""coordinates"": [[-3.567419991264322, 48.581585242960685]], ""type"": ""MultiPoint""}";arret_ferroviaire.101501;87473199;101501;Plounérin;FRET-Voyageurs-Infrastructure;ferroviaire;216139.02;6851397.0;PNR;PLOUNERIN;22227;Trégor Goëlo Poher;N;N;N;non;N;N;O;https://kartenn.region-bretagne.fr/doc/transports/gares_photos/87473199.JPG;87473199
48.7282682936422, -3.127669934502667;"{""coordinates"": [[-3.127669934502667, 48.7282682936422]], ""type"": ""MultiPoint""}";arret_ferroviaire.108005;87473876;108005;Frynaudour;Voyageurs;ferroviaire;249734.86;6865051.0;;PLOURIVO;22233;Trégor Goëlo Poher;N;N;N;non;N;N;O;https://kartenn.region-bretagne.fr/doc/transports/gares_photos/87473876.jpg;87473876
48.62457490935157, -3.1731627589284193;"{""coordinates"": [[-3.173162758928419, 48.62457490935157]], ""type"": ""MultiPoint""}";arret_ferroviaire.108002;87473819;108002;Trégonneau-Squiffiec;Voyageurs;ferroviaire;245498.45;6853818.0;;SQUIFFIEC;22338;Trégor Goëlo Poher;N;N;N;non;N;N;O;https://kartenn.region-bretagne.fr/doc/transports/gares_photos/87473819.jpg;87473819
48.04391559869715, -1.738067655714598;"{""coordinates"": [[-1.738067655714598, 48.04391559869715]], ""type"": ""MultiPoint""}";arret_ferroviaire.102002;87159947;102002;Ker-Lann-Bruz;Voyageurs;ferroviaire;347141.53;6782093.5;KEL;BRUZ;35047;Vilaine Golfe du Morbihan;N;N;N;non;N;N;O;https://kartenn.region-bretagne.fr/doc/transports/gares_photos/87159947.JPG;87159947
48.59372385386912, -1.8422574238497738;"{""coordinates"": [[-1.842257423849774, 48.59372385386912]], ""type"": ""MultiPoint""}";arret_ferroviaire.105121;87478081;105121;La Fresnais;Voyageurs;ferroviaire;343136.9;6843558.5;FSN;LA FRESNAIS;35116;Emeraude;N;N;N;écrans;N;O;O;https://kartenn.region-bretagne.fr/doc/transports/gares_photos/87478081.JPG;87478081
47.89793568653304, -1.7652835568133904;"{""coordinates"": [[-1.76528355681339, 47.89793568653304]], ""type"": ""MultiPoint""}";arret_ferroviaire.102013;87471169;102013;St-Senoux-Pléchatêl;Voyageurs;ferroviaire;344138.78;6766023.5;XSX;ST-SENOUX-PLECHATEL;35312;Vilaine Golfe du Morbihan;N;N;N;non;N;O;O;https://kartenn.region-bretagne.fr/doc/transports/gares_photos/87471169.jpg;87471169
47.799034306008714, -3.284721446261753;"{""coordinates"": [[-3.284721446261753, 47.799034306008714]], ""type"": ""MultiPoint""}";arret_ferroviaire.102410;87476259;102410;Hennebont;FRET-Voyageurs-Infrastructure;ferroviaire;230007.34;6763007.0;HEN;HENNEBONT;56083;Bretagne Sud;N;O;O;non;N;O;O;https://kartenn.region-bretagne.fr/doc/transports/gares_photos/87476259.jpg;87476259
48.27895451434469, -3.559704548151077;"{""coordinates"": [[-3.559704548151077, 48.27895451434469]], ""type"": ""MultiPoint""}";arret_ferroviaire.107100;87473504;107100;Carhaix;FRET-Voyageurs-Infrastructure;ferroviaire/routier;213914.84;6817826.5;CRX;CARHAIX;29024;Bretagne Sud;N;O;N;non;N;O;O;https://kartenn.region-bretagne.fr/doc/transports/gares_photos/87473504.jpg;87473504
47.546414446373376, -3.1328723012775463;"{""coordinates"": [[-3.132872301277546, 47.546414446373376]], ""type"": ""MultiPoint""}";arret_ferroviaire.112005;87476275;112005;L'Isthme;Voyageurs;ferroviaire;239162.33;6734132.0;ISH;ST PIERRE QUIBERON;56234;Bretagne Sud;N;N;N;non;N;N;O;https://kartenn.region-bretagne.fr/doc/transports/gares_photos/87476275.jpg;87476275
48.21340497261039, -2.1096400579582997;"{""coordinates"": [[-2.1096400579583, 48.21340497261039]], ""type"": ""MultiPoint""}";arret_ferroviaire.101100;87471094;101100;La Brohinière;FRET-Voyageurs-Infrastructure;ferroviaire;320724.6;6802615.0;LBR;LA BROHINIERE;35121;Brocéliande-Penthièvre;N;N;N;non;N;N;O;https://kartenn.region-bretagne.fr/doc/transports/gares_photos/87471094.JPG;87471094
48.11245798845058, -1.6016351335900836;"{""coordinates"": [[-1.601635133590084, 48.11245798845058]], ""type"": ""MultiPoint""}";arret_ferroviaire.104001;87334490;104001;Cesson-sevigné;Voyageurs;ferroviaire;357734.03;6789096.5;CGT;CESSON_SEVIGNE;35051;Portes de Bretagne;N;N;N;non;N;O;O;https://kartenn.region-bretagne.fr/doc/transports/gares_photos/87334490.JPG;87334490
48.106246603519345, -1.4044282487294388;"{""coordinates"": [[-1.404428248729439, 48.106246603519345]], ""type"": ""MultiPoint""}";arret_ferroviaire.104010;87471524;104010;Chateaubourg;Voyageurs-Infrastructure;ferroviaire;372348.1;6787571.0;CTG;CHATEAUBOURG;35068;Portes de Bretagne;N;O;O;non;N;O;O;https://kartenn.region-bretagne.fr/doc/transports/gares_photos/87471524.jpg;87471524
47.92662039311747, -3.7057817494336747;"{""coordinates"": [[-3.705781749433675, 47.92662039311747]], ""type"": ""MultiPoint""}";arret_ferroviaire.102511;87474189;102511;Bannalec;FRET-Voyageurs-Infrastructure;ferroviaire;199794.84;6779722.0;BNC;BANNALEC;29004;Bretagne Sud;N;N;N;non;N;O;O;https://kartenn.region-bretagne.fr/doc/transports/gares_photos/87474189.jpg;87474189
47.86917629806321, -3.5520596491119383;"{""coordinates"": [[-3.552059649111938, 47.86917629806321]], ""type"": ""MultiPoint""}";arret_ferroviaire.102510;87476317;102510;Quimperlé;FRET-Voyageurs-Infrastructure;ferroviaire;210705.8;6772398.5;QPL;QUIMPERLE;29233;Bretagne Sud;O;O;O;sono;O;O;O;https://kartenn.region-bretagne.fr/doc/transports/gares_photos/87476317.jpg;87476317
48.47409686762577, -4.204013652180681;"{""coordinates"": [[-4.204013652180681, 48.47409686762577]], ""type"": ""MultiPoint""}";arret_ferroviaire.101611;87474262;101611;La Roche;Voyageurs;ferroviaire;168273.17;6843587.5;ROW;LA ROCHE-MAURICE;29237;Iroise;N;N;N;non;N;N;O;https://kartenn.region-bretagne.fr/doc/transports/gares_photos/87474262.JPG;87474262
48.426310739807846, -4.3065061718644655;"{""coordinates"": [[-4.306506171864465, 48.426310739807846]], ""type"": ""MultiPoint""}";arret_ferroviaire.101701;87474221;101701;La Forest;Voyageurs;ferroviaire;160238.88;6838993.5;FOO;LA FOREST LANDERNEAU;29056;Iroise;N;N;N;non;N;N;O;https://kartenn.region-bretagne.fr/doc/transports/gares_photos/87474221.jpg;87474221
48.4851091490724, -3.9979474944510964;"{""coordinates"": [[-3.997947494451096, 48.4851091490724]], ""type"": ""MultiPoint""}";arret_ferroviaire.101603;87474296;101603;Guimiliau;Voyageurs;ferroviaire;183550.8;6843439.0;GMU;GUIMILIAU;29074;Iroise;N;N;N;non;N;N;O;https://kartenn.region-bretagne.fr/doc/transports/gares_photos/87474296.jpg;87474296
48.3927125119311, -4.284612195271966;"{""coordinates"": [[-4.284612195271966, 48.3927125119311]], ""type"": ""MultiPoint""}";arret_ferroviaire.111001;87474015;111001;Dirinon;FRET-Voyageurs-Infrastructure;ferroviaire;161507.62;6835125.0;DIR;LOPERHET;29140;Iroise;N;N;N;non;N;N;O;https://kartenn.region-bretagne.fr/doc/transports/gares_photos/87474015.jpg;87474015
48.409715622644434, -4.386994289186042;"{""coordinates"": [[-4.386994289186042, 48.409715622644434]], ""type"": ""MultiPoint""}";arret_ferroviaire.101702;87474213;101702;Kerhuon;FRET-Voyageurs-Infrastructure;ferroviaire;154137.83;6837710.0;KHO;LE RELECQ KERHUON;29235;Iroise;N;N;N;non;N;N;O;https://kartenn.region-bretagne.fr/doc/transports/gares_photos/87474213.jpg;87474213
48.72066853015479, -3.981484772074947;"{""coordinates"": [[-3.981484772074947, 48.72066853015479]], ""type"": ""MultiPoint""}";arret_ferroviaire.110100;87474635;110100;Roscoff;Voyageurs-Infrastructure;ferroviaire/routier;187074.9;6869416.5;RFF;ROSCOFF;29239;Iroise;N;O;N;non;N;N;O;https://kartenn.region-bretagne.fr/doc/transports/gares_photos/87474635.jpg;87474635
48.494304031830936, -3.947149559648311;"{""coordinates"": [[-3.947149559648311, 48.494304031830936]], ""type"": ""MultiPoint""}";arret_ferroviaire.101602;87474312;101602;Saint-Thégonnec;Voyageurs-Infrastructure;ferroviaire;187379.78;6844126.0;STH;ST-THEGONNEC;29266;Iroise;N;N;N;non;N;N;O;https://kartenn.region-bretagne.fr/doc/transports/gares_photos/87474312.jpg;87474312
48.254430468613215, -4.085337787600423;"{""coordinates"": [[-4.085337787600423, 48.254430468613215]], ""type"": ""MultiPoint""}";arret_ferroviaire.111002;87474056;111002;Pont-de-Buis;Voyageurs-Infrastructure;ferroviaire;174820.98;6818477.0;PBU;PONT-DE-BUIS;29302;Iroise;N;N;N;non;N;O;O;https://kartenn.region-bretagne.fr/doc/transports/gares_photos/87474056.JPG;87474056
48.425736344181786, -2.4417529555275688;"{""coordinates"": [[-2.441752955527569, 48.425736344181786]], ""type"": ""MultiPoint""}";arret_ferroviaire.101105;87473090;101105;Plestan;FRET-Voyageurs-Infrastructure;ferroviaire;297735.7;6827806.0;PLE;PLESTAN;22193;Brocéliande-Penthièvre;N;N;N;non;O;N;O;https://kartenn.region-bretagne.fr/doc/transports/gares_photos/87473090.JPG;87473090
